{
  "Regression Logistique": {
    "accuracy": 0.8497083894122925,
    "precision": 0.781541066892464,
    "recall": 0.923,
    "f1": 0.8464007336084365,
    "cv_f1_mean": 0.862904919414702,
    "cv_f1_std": 0.005117142274815159
  },
  "Naive Bayes": {
    "accuracy": 0.8147151188873935,
    "precision": 0.8086225026288117,
    "recall": 0.769,
    "f1": 0.7883136852895951,
    "cv_f1_mean": 0.8055159913902241,
    "cv_f1_std": 0.007436975421002573
  },
  "SVM Lineaire": {
    "accuracy": 0.8950201884253028,
    "precision": 0.8481818181818181,
    "recall": 0.933,
    "f1": 0.8885714285714286,
    "cv_f1_mean": 0.9006402321226922,
    "cv_f1_std": 0.005059808776198018
  },
  "Random Forest": {
    "accuracy": 0.8932256617317182,
    "precision": 0.8342105263157895,
    "recall": 0.951,
    "f1": 0.888785046728972,
    "cv_f1_mean": 0.9044290569777615,
    "cv_f1_std": 0.003127366234879183
  },
  "_best": "Random Forest",
  "_test_size": 2229
}