{
  "Regression Logistique": {
    "accuracy": 0.872,
    "precision": 0.8492063492063492,
    "recall": 0.749,
    "f1": 0.79596174282678,
    "cv_f1_mean": 0.8803136194515477,
    "cv_f1_std": 0.004769255264492527
  },
  "Naive Bayes": {
    "accuracy": 0.8236666666666667,
    "precision": 0.7063978965819456,
    "recall": 0.806,
    "f1": 0.7529191966370855,
    "cv_f1_mean": 0.8681987266297353,
    "cv_f1_std": 0.0025888831056576442
  },
  "SVM Lineaire": {
    "accuracy": 0.886,
    "precision": 0.835030549898167,
    "recall": 0.82,
    "f1": 0.82744702320888,
    "cv_f1_mean": 0.9185850694340996,
    "cv_f1_std": 0.004260091456999084
  },
  "Random Forest": {
    "accuracy": 0.917,
    "precision": 0.97712833545108,
    "recall": 0.769,
    "f1": 0.8606603245663123,
    "cv_f1_mean": 0.9380661320000281,
    "cv_f1_std": 0.0041391363672681125
  },
  "_best": "Random Forest"
}